analyte,treatment,year,mean_grazed,sd_grazed,n_grazed,mean_ungrazed,sd_ungrazed,n_ungrazed,diff,p_value,p_holm_2023,sig_uncorrected
NH4,Unfertilized,2020,7.9091,6.4579,102,6.853,3.4815,30,1.0561,0.5815,,
NH4,Unfertilized,2021,11.0718,7.8418,71,11.2434,8.6476,35,-0.1716,0.9011,,
NH4,Unfertilized,2022,18.1877,9.4845,72,20.82,14.1239,36,-2.6323,0.4171,,
NH4,Unfertilized,2023,28.7605,13.6097,50,40.2411,17.7269,28,-11.4805,0.0071,0.0354,**
NH4,Fertilized,2020,7.3204,5.1313,104,9.1713,5.1336,30,-1.8509,0.0468,,*
NH4,Fertilized,2021,10.5287,6.1368,70,13.4122,11.4154,36,-2.8835,0.455,,
NH4,Fertilized,2022,24.8589,14.2874,72,23.7516,13.6079,36,1.1074,0.8069,,
NH4,Fertilized,2023,35.3669,20.2761,70,30.0305,14.7613,38,5.3364,0.2204,0.4407,
NH4,Legume,2021,12.2931,14.3123,72,12.1753,11.2617,36,0.1178,0.5796,,
NH4,Legume,2022,31.7248,24.8283,72,35.8293,27.5973,36,-4.1045,0.4795,,
NH4,Legume,2023,34.154,14.4031,60,29.4392,13.3522,33,4.7148,0.1343,0.4028,
NO3,Unfertilized,2020,22.9028,27.9658,105,18.857,14.1087,30,4.0458,0.8179,,
NO3,Unfertilized,2021,8.6862,10.2341,71,5.7423,4.8604,35,2.9439,0.0246,,*
NO3,Unfertilized,2022,18.82,15.4152,72,21.6817,27.5653,36,-2.8618,1.0,,
NO3,Unfertilized,2023,24.2383,10.1311,50,39.2234,26.8653,28,-14.9851,0.005,0.03,**
NO3,Fertilized,2020,22.179,26.7267,106,24.693,28.9558,30,-2.514,0.5254,,
NO3,Fertilized,2021,15.5916,20.318,70,10.8644,15.4749,36,4.7271,0.0426,,*
NO3,Fertilized,2022,31.5123,20.5718,72,32.9972,26.5859,36,-1.4849,0.6459,,
NO3,Fertilized,2023,31.1071,22.339,70,23.6324,12.9822,38,7.4747,0.0841,0.3364,
NO3,Legume,2021,9.869,11.7291,72,8.0756,6.1113,36,1.7935,0.9844,,
NO3,Legume,2022,30.5358,21.7602,72,40.4317,39.1487,36,-9.8959,0.353,,
NO3,Legume,2023,25.4452,12.498,60,22.168,9.6581,33,3.2772,0.2223,0.4407,
