analyte,grazing,depth_cm,year,time_point,mean,sd,n,treatment
NH4,No,0-10,2019,T0,10.433,3.74,27,Unfertilized
NH4,No,0-10,2020,T1,5.488,2.932,6,Unfertilized
NH4,No,0-10,2020,T2,9.247,3.148,9,Unfertilized
NH4,No,0-10,2021,T1,6.14,1.099,9,Unfertilized
NH4,No,0-10,2021,T2,19.171,12.175,9,Unfertilized
NH4,No,0-10,2022,T1,15.929,1.56,9,Unfertilized
NH4,No,0-10,2022,T2,29.274,15.927,9,Unfertilized
NH4,No,0-10,2023,T1,39.308,20.912,9,Unfertilized
NH4,No,0-10,2023,T2,56.063,7.775,6,Unfertilized
NH4,No,10-20,2019,T0,13.287,3.484,27,Unfertilized
NH4,No,10-20,2020,T1,3.148,0.7,6,Unfertilized
NH4,No,10-20,2020,T2,7.839,3.02,9,Unfertilized
NH4,No,10-20,2021,T1,7.055,3.075,8,Unfertilized
NH4,No,10-20,2021,T2,12.142,6.454,9,Unfertilized
NH4,No,10-20,2022,T1,10.384,2.177,9,Unfertilized
NH4,No,10-20,2022,T2,27.692,18.137,9,Unfertilized
NH4,No,10-20,2023,T1,27.297,13.403,9,Unfertilized
NH4,No,10-20,2023,T2,47.732,1.191,4,Unfertilized
NH4,Yes,0-10,2020,T1,7.844,9.79,24,Unfertilized
NH4,Yes,0-10,2020,T2,11.744,6.339,27,Unfertilized
NH4,Yes,0-10,2021,T1,6.621,4.241,18,Unfertilized
NH4,Yes,0-10,2021,T2,18.789,8.298,18,Unfertilized
NH4,Yes,0-10,2022,T1,12.759,4.599,18,Unfertilized
NH4,Yes,0-10,2022,T2,27.421,5.874,18,Unfertilized
NH4,Yes,0-10,2023,T1,23.45,8.845,18,Unfertilized
NH4,Yes,0-10,2023,T2,38.447,15.938,12,Unfertilized
NH4,Yes,10-20,2020,T1,3.477,0.377,24,Unfertilized
NH4,Yes,10-20,2020,T2,8.072,1.865,27,Unfertilized
NH4,Yes,10-20,2021,T1,5.389,1.386,17,Unfertilized
NH4,Yes,10-20,2021,T2,13.172,6.6,18,Unfertilized
NH4,Yes,10-20,2022,T1,9.356,1.543,18,Unfertilized
NH4,Yes,10-20,2022,T2,23.215,9.319,18,Unfertilized
NH4,Yes,10-20,2023,T1,20.559,8.793,12,Unfertilized
NH4,Yes,10-20,2023,T2,38.482,11.368,8,Unfertilized
NH4,No,0-10,2019,T0,8.557,3.108,27,Fertilized
NH4,No,0-10,2020,T1,9.932,6.906,6,Fertilized
NH4,No,0-10,2020,T2,12.869,4.837,9,Fertilized
NH4,No,0-10,2021,T1,7.216,3.794,9,Fertilized
NH4,No,0-10,2021,T2,26.798,13.228,9,Fertilized
NH4,No,0-10,2022,T1,19.108,10.562,9,Fertilized
NH4,No,0-10,2022,T2,34.447,12.318,9,Fertilized
NH4,No,0-10,2023,T1,33.131,18.103,9,Fertilized
NH4,No,0-10,2023,T2,35.009,16.852,12,Fertilized
NH4,No,10-20,2019,T0,12.106,5.098,27,Fertilized
NH4,No,10-20,2020,T1,3.482,0.366,6,Fertilized
NH4,No,10-20,2020,T2,8.76,1.402,9,Fertilized
NH4,No,10-20,2021,T1,4.531,1.008,9,Fertilized
NH4,No,10-20,2021,T2,15.104,6.557,9,Fertilized
NH4,No,10-20,2022,T1,9.936,2.157,9,Fertilized
NH4,No,10-20,2022,T2,31.515,10.33,9,Fertilized
NH4,No,10-20,2023,T1,24.349,7.588,9,Fertilized
NH4,No,10-20,2023,T2,25.466,12.039,8,Fertilized
NH4,Yes,0-10,2020,T1,5.376,2.885,25,Fertilized
NH4,Yes,0-10,2020,T2,11.69,7.515,27,Fertilized
NH4,Yes,0-10,2021,T1,8.732,5.831,17,Fertilized
NH4,Yes,0-10,2021,T2,15.088,4.453,18,Fertilized
NH4,Yes,0-10,2022,T1,16.887,4.532,18,Fertilized
NH4,Yes,0-10,2022,T2,36.487,11.714,18,Fertilized
NH4,Yes,0-10,2023,T1,46.306,25.503,18,Fertilized
NH4,Yes,0-10,2023,T2,39.318,16.773,24,Fertilized
NH4,Yes,10-20,2020,T1,3.747,0.93,25,Fertilized
NH4,Yes,10-20,2020,T2,8.059,1.747,27,Fertilized
NH4,Yes,10-20,2021,T1,4.471,1.213,17,Fertilized
NH4,Yes,10-20,2021,T2,13.387,5.39,18,Fertilized
NH4,Yes,10-20,2022,T1,10.688,2.755,18,Fertilized
NH4,Yes,10-20,2022,T2,35.374,12.126,18,Fertilized
NH4,Yes,10-20,2023,T1,20.58,6.424,12,Fertilized
NH4,Yes,10-20,2023,T2,28.224,17.161,16,Fertilized
NH4,No,0-10,2019,T0,9.253,3.093,27,Legume
NH4,No,0-10,2021,T1,5.349,2.681,9,Legume
NH4,No,0-10,2021,T2,20.748,13.011,9,Legume
NH4,No,0-10,2022,T1,12.464,3.691,9,Legume
NH4,No,0-10,2022,T2,64.605,17.782,9,Legume
NH4,No,0-10,2023,T1,28.64,10.335,9,Legume
NH4,No,0-10,2023,T2,33.573,17.977,9,Legume
NH4,No,10-20,2019,T0,13.392,4.36,27,Legume
NH4,No,10-20,2021,T1,5.29,1.184,9,Legume
NH4,No,10-20,2021,T2,17.314,12.604,9,Legume
NH4,No,10-20,2022,T1,10.525,2.738,9,Legume
NH4,No,10-20,2022,T2,55.723,16.833,9,Legume
NH4,No,10-20,2023,T1,19.607,6.466,9,Legume
NH4,No,10-20,2023,T2,39.185,8.137,6,Legume
NH4,Yes,0-10,2021,T1,6.941,10.191,18,Legume
NH4,Yes,0-10,2021,T2,23.104,20.204,18,Legume
NH4,Yes,0-10,2022,T1,12.015,3.063,18,Legume
NH4,Yes,0-10,2022,T2,55.693,18.939,18,Legume
NH4,Yes,0-10,2023,T1,31.016,12.614,18,Legume
NH4,Yes,0-10,2023,T2,40.757,14.902,18,Legume
NH4,Yes,10-20,2021,T1,4.536,1.588,18,Legume
NH4,Yes,10-20,2021,T2,14.591,10.842,18,Legume
NH4,Yes,10-20,2022,T1,10.051,1.821,18,Legume
NH4,Yes,10-20,2022,T2,49.14,19.107,18,Legume
NH4,Yes,10-20,2023,T1,28.507,10.688,12,Legume
NH4,Yes,10-20,2023,T2,34.603,16.937,12,Legume
NO3,No,0-10,2019,T0,15.457,5.28,27,Unfertilized
NO3,No,0-10,2020,T1,32.202,23.222,6,Unfertilized
NO3,No,0-10,2020,T2,20.602,5.443,9,Unfertilized
NO3,No,0-10,2021,T1,3.584,1.647,9,Unfertilized
NO3,No,0-10,2021,T2,11.099,5.715,9,Unfertilized
NO3,No,0-10,2022,T1,12.026,6.567,9,Unfertilized
NO3,No,0-10,2022,T2,36.784,35.412,9,Unfertilized
NO3,No,0-10,2023,T1,52.069,39.616,9,Unfertilized
NO3,No,0-10,2023,T2,36.892,3.922,6,Unfertilized
NO3,No,10-20,2019,T0,20.999,28.336,26,Unfertilized
NO3,No,10-20,2020,T1,4.742,2.135,6,Unfertilized
NO3,No,10-20,2020,T2,17.626,7.996,9,Unfertilized
NO3,No,10-20,2021,T1,3.212,4.287,8,Unfertilized
NO3,No,10-20,2021,T2,4.792,2.004,9,Unfertilized
NO3,No,10-20,2022,T1,6.846,3.055,9,Unfertilized
NO3,No,10-20,2022,T2,31.07,36.188,9,Unfertilized
NO3,No,10-20,2023,T1,32.692,23.666,9,Unfertilized
NO3,No,10-20,2023,T2,28.515,2.146,4,Unfertilized
NO3,Yes,0-10,2020,T1,44.503,47.373,27,Unfertilized
NO3,Yes,0-10,2020,T2,20.393,6.078,27,Unfertilized
NO3,Yes,0-10,2021,T1,11.118,18.382,18,Unfertilized
NO3,Yes,0-10,2021,T2,10.237,4.685,18,Unfertilized
NO3,Yes,0-10,2022,T1,12.076,4.642,18,Unfertilized
NO3,Yes,0-10,2022,T2,31.07,18.368,18,Unfertilized
NO3,Yes,0-10,2023,T1,24.47,9.976,18,Unfertilized
NO3,Yes,0-10,2023,T2,26.538,12.748,12,Unfertilized
NO3,Yes,10-20,2020,T1,5.31,1.45,24,Unfertilized
NO3,Yes,10-20,2020,T2,19.451,7.498,27,Unfertilized
NO3,Yes,10-20,2021,T1,7.603,6.914,17,Unfertilized
NO3,Yes,10-20,2021,T2,5.727,2.681,18,Unfertilized
NO3,Yes,10-20,2022,T1,8.705,2.68,18,Unfertilized
NO3,Yes,10-20,2022,T2,23.428,16.984,18,Unfertilized
NO3,Yes,10-20,2023,T1,21.488,8.935,12,Unfertilized
NO3,Yes,10-20,2023,T2,24.392,8.588,8,Unfertilized
NO3,No,0-10,2019,T0,13.621,4.414,27,Fertilized
NO3,No,0-10,2020,T1,57.838,53.665,6,Fertilized
NO3,No,0-10,2020,T2,20.576,7.06,9,Fertilized
NO3,No,0-10,2021,T1,13.398,18.527,9,Fertilized
NO3,No,0-10,2021,T2,20.701,21.647,9,Fertilized
NO3,No,0-10,2022,T1,37.777,38.43,9,Fertilized
NO3,No,0-10,2022,T2,46.349,26.187,9,Fertilized
NO3,No,0-10,2023,T1,28.808,17.306,9,Fertilized
NO3,No,0-10,2023,T2,26.627,13.375,12,Fertilized
NO3,No,10-20,2019,T0,16.573,15.855,26,Fertilized
NO3,No,10-20,2020,T1,5.107,1.122,6,Fertilized
NO3,No,10-20,2020,T2,19.771,5.547,9,Fertilized
NO3,No,10-20,2021,T1,3.008,4.147,9,Fertilized
NO3,No,10-20,2021,T2,6.351,3.196,9,Fertilized
NO3,No,10-20,2022,T1,14.963,6.263,9,Fertilized
NO3,No,10-20,2022,T2,32.899,17.273,9,Fertilized
NO3,No,10-20,2023,T1,20.308,7.788,9,Fertilized
NO3,No,10-20,2023,T2,17.059,9.204,8,Fertilized
NO3,Yes,0-10,2020,T1,48.503,41.957,27,Fertilized
NO3,Yes,0-10,2020,T2,18.542,5.354,27,Fertilized
NO3,Yes,0-10,2021,T1,36.531,31.024,17,Fertilized
NO3,Yes,0-10,2021,T2,10.921,6.168,18,Fertilized
NO3,Yes,0-10,2022,T1,29.181,12.88,18,Fertilized
NO3,Yes,0-10,2022,T2,46.059,27.808,18,Fertilized
NO3,Yes,0-10,2023,T1,48.764,30.261,18,Fertilized
NO3,Yes,0-10,2023,T2,32.078,14.641,24,Fertilized
NO3,Yes,10-20,2020,T1,6.378,3.72,25,Fertilized
NO3,Yes,10-20,2020,T2,14.123,6.488,27,Fertilized
NO3,Yes,10-20,2021,T1,8.491,10.48,17,Fertilized
NO3,Yes,10-20,2021,T2,7.193,6.453,18,Fertilized
NO3,Yes,10-20,2022,T1,15.488,8.035,18,Fertilized
NO3,Yes,10-20,2022,T2,35.32,15.706,18,Fertilized
NO3,Yes,10-20,2023,T1,18.215,10.961,12,Fertilized
NO3,Yes,10-20,2023,T2,19.457,13.694,16,Fertilized
NO3,No,0-10,2019,T0,14.647,3.623,27,Legume
NO3,No,0-10,2021,T1,6.267,4.038,9,Legume
NO3,No,0-10,2021,T2,14.049,5.552,9,Legume
NO3,No,0-10,2022,T1,21.855,13.197,9,Legume
NO3,No,0-10,2022,T2,67.235,53.654,9,Legume
NO3,No,0-10,2023,T1,26.679,10.424,9,Legume
NO3,No,0-10,2023,T2,20.034,11.582,9,Legume
NO3,No,10-20,2019,T0,34.521,29.629,24,Legume
NO3,No,10-20,2021,T1,3.522,2.972,9,Legume
NO3,No,10-20,2021,T2,8.464,6.334,9,Legume
NO3,No,10-20,2022,T1,17.324,10.891,9,Legume
NO3,No,10-20,2022,T2,55.313,38.568,9,Legume
NO3,No,10-20,2023,T1,18.104,6.662,9,Legume
NO3,No,10-20,2023,T2,24.697,7.434,6,Legume
NO3,Yes,0-10,2021,T1,12.32,14.981,18,Legume
NO3,Yes,0-10,2021,T2,16.537,13.757,18,Legume
NO3,Yes,0-10,2022,T1,14.087,9.468,18,Legume
NO3,Yes,0-10,2022,T2,50.081,15.59,18,Legume
NO3,Yes,0-10,2023,T1,26.409,13.554,18,Legume
NO3,Yes,0-10,2023,T2,27.305,10.824,18,Legume
NO3,Yes,10-20,2021,T1,3.118,2.887,18,Legume
NO3,Yes,10-20,2021,T2,7.501,6.701,18,Legume
NO3,Yes,10-20,2022,T1,12.848,6.488,18,Legume
NO3,Yes,10-20,2022,T2,45.128,18.844,18,Legume
NO3,Yes,10-20,2023,T1,26.209,14.035,12,Legume
NO3,Yes,10-20,2023,T2,20.445,11.864,12,Legume
